,Infected,Healthy,Recovered
0,5,6517,0
1,5,6517,0
2,5,6517,0
3,5,6517,0
4,5,6517,0
5,5,6517,0
6,5,6517,0
7,5,6517,0
8,5,6517,0
9,5,6517,0
10,5,6517,0
11,5,6517,0
12,5,6517,0
13,5,6517,0
14,5,6517,0
15,5,6517,0
16,5,6517,0
17,5,6517,0
18,5,6517,0
19,5,6517,0
20,5,6517,0
21,5,6517,0
22,5,6517,0
23,5,6517,0
24,5,6517,0
25,5,6517,0
26,5,6517,0
27,5,6517,0
28,5,6517,0
29,5,6517,0
30,6,6516,0
31,6,6516,0
32,6,6516,0
33,6,6516,0
34,6,6516,0
35,6,6516,0
36,6,6516,0
37,6,6516,0
38,6,6516,0
39,6,6516,0
40,6,6516,0
41,6,6516,0
42,6,6516,0
43,6,6516,0
44,6,6516,0
45,6,6516,0
46,6,6516,0
47,7,6515,0
48,7,6515,0
49,7,6515,0
50,7,6515,0
51,7,6515,0
52,7,6515,0
53,7,6515,0
54,7,6515,0
55,7,6515,0
56,7,6515,0
57,7,6515,0
58,7,6515,0
59,7,6515,0
60,7,6515,0
61,7,6515,0
62,7,6515,0
63,7,6515,0
64,7,6515,0
65,7,6515,0
66,7,6515,0
67,7,6515,0
68,7,6515,0
69,7,6515,0
70,7,6515,0
71,7,6515,0
72,7,6515,0
73,7,6515,0
74,7,6515,0
75,7,6515,0
76,7,6515,0
77,7,6515,0
78,7,6515,0
79,7,6515,0
80,7,6515,0
81,7,6515,0
82,7,6515,0
83,8,6514,0
84,8,6514,0
85,8,6514,0
86,8,6514,0
87,8,6514,0
88,8,6514,0
89,9,6513,0
90,9,6513,0
91,9,6513,0
92,9,6513,0
93,9,6513,0
94,9,6513,0
95,9,6513,0
96,9,6513,0
97,9,6513,0
98,9,6513,0
99,9,6513,0
100,9,6513,0
101,9,6513,0
102,10,6512,0
103,10,6512,0
104,10,6512,0
105,11,6511,0
106,12,6510,0
107,12,6510,0
108,12,6510,0
109,13,6509,0
110,13,6509,0
111,13,6509,0
112,13,6509,0
113,13,6509,0
114,13,6509,0
115,13,6509,0
116,13,6509,0
117,14,6508,0
118,15,6507,0
119,15,6507,0
120,15,6507,0
121,15,6507,0
122,15,6507,0
123,15,6507,0
124,15,6507,0
125,15,6507,0
126,15,6507,0
127,15,6507,0
128,15,6507,0
129,15,6507,0
130,15,6507,0
131,15,6507,0
132,15,6507,0
133,15,6507,0
134,15,6507,0
135,15,6507,0
136,15,6507,0
137,15,6507,0
138,15,6507,0
139,15,6507,0
140,15,6507,0
141,15,6507,0
142,15,6507,0
143,15,6507,0
144,15,6507,0
145,15,6507,0
146,16,6506,0
147,16,6506,0
148,16,6506,0
149,17,6505,0
150,17,6505,0
151,17,6505,0
152,17,6505,0
153,17,6505,0
154,17,6505,0
155,18,6504,0
156,19,6503,0
157,19,6503,0
158,20,6502,0
159,20,6502,0
160,20,6502,0
161,20,6502,0
162,20,6502,0
163,20,6502,0
164,21,6501,0
165,22,6500,0
166,22,6500,0
167,22,6500,0
168,22,6500,0
169,22,6500,0
170,22,6500,0
171,24,6498,0
172,24,6498,0
173,24,6498,0
174,24,6498,0
175,24,6498,0
176,24,6498,0
177,24,6498,0
178,24,6498,0
179,24,6498,0
180,24,6498,0
181,24,6498,0
182,25,6497,0
183,26,6496,0
184,26,6496,0
185,26,6496,0
186,26,6496,0
187,26,6496,0
188,26,6496,0
189,27,6495,0
190,27,6495,0
191,27,6495,0
192,27,6495,0
193,27,6495,0
194,27,6495,0
195,27,6495,0
196,27,6495,0
197,27,6495,0
198,27,6495,0
199,27,6495,0
200,28,6494,0
201,28,6494,0
202,28,6494,0
203,28,6494,0
204,28,6494,0
205,28,6494,0
206,28,6494,0
207,28,6494,0
208,28,6494,0
209,29,6493,0
210,29,6493,0
211,29,6493,0
212,29,6493,0
213,31,6491,0
214,31,6491,0
215,32,6490,0
216,32,6490,0
217,33,6489,0
218,33,6489,0
219,34,6488,0
220,34,6488,0
221,34,6488,0
222,34,6488,0
223,34,6488,0
224,34,6488,5
225,34,6488,5
226,34,6488,5
227,34,6488,5
228,34,6488,5
229,34,6488,5
230,35,6487,5
231,35,6487,5
232,36,6486,5
233,36,6486,5
234,36,6486,5
235,36,6486,5
236,38,6484,5
237,38,6484,5
238,38,6484,5
239,38,6484,5
240,39,6483,5
241,40,6482,5
242,40,6482,5
243,41,6481,5
244,41,6481,5
245,41,6481,5
246,41,6481,5
247,41,6481,5
248,42,6480,5
249,43,6479,5
250,43,6479,5
251,43,6479,5
252,44,6478,5
253,44,6478,5
254,44,6478,5
255,44,6478,6
256,44,6478,6
257,44,6478,6
258,46,6476,6
259,46,6476,6
260,46,6476,6
261,46,6476,6
262,46,6476,6
263,46,6476,6
264,47,6475,6
265,47,6475,6
266,47,6475,6
267,47,6475,6
268,47,6475,6
269,47,6475,6
270,50,6472,6
271,51,6471,7
272,51,6471,7
273,52,6470,7
274,52,6470,7
275,52,6470,7
276,53,6469,7
277,54,6468,7
278,55,6467,7
279,55,6467,7
280,55,6467,7
281,55,6467,7
282,57,6465,7
283,57,6465,7
284,59,6463,7
285,60,6462,7
286,62,6460,7
287,63,6459,7
288,63,6459,7
289,64,6458,7
290,65,6457,7
291,65,6457,7
292,66,6456,7
293,66,6456,7
294,67,6455,7
295,67,6455,7
296,67,6455,7
297,68,6454,7
298,69,6453,7
299,69,6453,7
300,69,6453,7
301,69,6453,7
302,69,6453,7
303,70,6452,7
304,70,6452,7
305,70,6452,7
306,71,6451,7
307,71,6451,7
308,71,6451,8
309,73,6449,8
310,73,6449,8
311,73,6449,8
312,73,6449,8
313,75,6447,9
314,76,6446,9
315,76,6446,9
316,78,6444,9
317,78,6444,9
318,78,6444,9
319,78,6444,9
320,78,6444,9
321,78,6444,9
322,79,6443,9
323,79,6443,9
324,79,6443,9
325,79,6443,9
326,79,6443,9
327,80,6442,10
328,80,6442,10
329,80,6442,11
330,81,6441,12
331,81,6441,12
332,83,6439,12
333,83,6439,13
334,83,6439,13
335,83,6439,13
336,83,6439,13
337,83,6439,13
338,84,6438,13
339,84,6438,13
340,86,6436,13
341,86,6436,14
342,86,6436,15
343,86,6436,15
344,86,6436,15
345,86,6436,15
346,89,6433,15
347,90,6432,15
348,90,6432,15
349,91,6431,15
350,91,6431,15
351,91,6431,15
352,92,6430,15
353,92,6430,15
354,92,6430,15
355,92,6430,15
356,92,6430,15
357,93,6429,15
358,95,6427,15
359,95,6427,15
360,96,6426,15
361,98,6424,15
362,100,6422,15
363,102,6420,15
364,103,6419,15
365,104,6418,15
366,105,6417,15
367,106,6416,15
368,109,6413,15
369,109,6413,15
370,110,6412,16
371,111,6411,16
372,112,6410,16
373,115,6407,16
374,115,6407,17
375,116,6406,17
376,116,6406,17
377,117,6405,17
378,117,6405,17
379,119,6403,17
380,119,6403,19
381,120,6402,19
382,122,6400,19
383,123,6399,20
384,123,6399,20
385,123,6399,20
386,123,6399,20
387,124,6398,20
388,125,6397,20
389,126,6396,22
390,127,6395,22
391,128,6394,22
392,130,6392,22
393,130,6392,22
394,130,6392,22
395,130,6392,23
396,131,6391,24
397,131,6391,24
398,133,6389,24
399,134,6388,24
400,135,6387,24
401,136,6386,24
402,136,6386,24
403,136,6386,24
404,138,6384,24
405,138,6384,24
406,138,6384,24
407,138,6384,25
408,138,6384,26
409,139,6383,26
410,139,6383,26
411,139,6383,26
412,141,6381,26
413,142,6380,27
414,143,6379,27
415,144,6378,27
416,145,6377,27
417,145,6377,27
418,145,6377,27
419,146,6376,27
420,149,6373,27
421,151,6371,27
422,151,6371,27
423,152,6370,27
424,152,6370,27
425,154,6368,28
426,158,6364,28
427,159,6363,28
428,160,6362,28
429,160,6362,28
430,161,6361,28
431,162,6360,28
432,164,6358,28
433,164,6358,28
434,164,6358,29
435,165,6357,29
436,165,6357,29
437,166,6356,30
438,167,6355,31
439,169,6353,31
440,169,6353,32
441,169,6353,32
442,169,6353,33
443,171,6351,33
444,173,6349,34
445,173,6349,34
446,174,6348,34
447,174,6348,34
448,175,6347,34
449,177,6345,34
450,177,6345,34
451,178,6344,34
452,179,6343,34
453,180,6342,34
454,181,6341,34
455,181,6341,35
456,181,6341,36
457,181,6341,36
458,181,6341,36
459,183,6339,36
460,183,6339,38
461,183,6339,38
462,184,6338,38
463,186,6336,38
464,186,6336,39
465,186,6336,39
466,187,6335,40
467,187,6335,40
468,188,6334,41
469,189,6333,41
470,189,6333,41
471,190,6332,41
472,191,6331,42
473,193,6329,43
474,194,6328,43
475,194,6328,43
476,194,6328,44
477,195,6327,44
478,195,6327,44
479,196,6326,44
480,197,6325,44
481,198,6324,44
482,198,6324,45
483,201,6321,46
484,202,6320,46
485,202,6320,46
486,203,6319,46
487,203,6319,46
488,203,6319,46
489,204,6318,47
490,205,6317,47
491,207,6315,47
492,208,6314,47
493,209,6313,47
494,209,6313,48
495,211,6311,51
496,211,6311,51
497,213,6309,51
498,213,6309,52
499,213,6309,52
500,213,6309,53
501,214,6308,54
502,215,6307,55
503,216,6306,55
504,216,6306,55
505,217,6305,55
506,217,6305,55
507,219,6303,57
508,219,6303,58
509,219,6303,59
510,223,6299,60
511,225,6297,63
512,226,6296,63
513,228,6294,63
514,230,6292,64
515,230,6292,65
516,231,6291,66
517,235,6287,66
518,236,6286,66
519,236,6286,67
520,236,6286,67
521,238,6284,67
522,240,6282,68
523,241,6281,69
524,241,6281,69
525,242,6280,69
526,242,6280,69
527,244,6278,70
528,244,6278,70
529,244,6278,70
530,245,6277,70
531,245,6277,71
532,245,6277,71
533,245,6277,71
534,246,6276,73
535,248,6274,73
536,249,6273,73
537,249,6273,73
538,250,6272,75
539,252,6270,76
540,252,6270,77
541,252,6270,78
542,254,6268,78
543,256,6266,78
544,257,6265,78
545,257,6265,78
546,259,6263,78
547,260,6262,79
548,261,6261,79
549,262,6260,79
550,264,6258,79
551,267,6255,79
552,267,6255,80
553,267,6255,80
554,268,6254,80
555,268,6254,81
556,268,6254,82
557,269,6253,83
558,269,6253,83
559,270,6252,83
560,270,6252,83
561,270,6252,83
562,272,6250,83
563,272,6250,84
564,272,6250,85
565,275,6247,86
566,276,6246,86
567,277,6245,86
568,278,6244,86
569,279,6243,86
570,280,6242,89
571,282,6240,89
572,282,6240,90
573,283,6239,91
574,285,6237,91
575,286,6236,91
576,289,6233,92
577,289,6233,92
578,290,6232,92
579,291,6231,92
580,291,6231,92
581,294,6228,92
582,294,6228,93
583,296,6226,95
584,298,6224,95
585,299,6223,97
586,300,6222,99
587,301,6221,102
588,301,6221,102
589,302,6220,104
590,304,6218,104
591,306,6216,106
592,306,6216,107
593,307,6215,109
594,308,6214,109
595,308,6214,111
596,308,6214,112
597,313,6209,112
598,315,6207,115
599,315,6207,116
600,316,6206,116
601,317,6205,117
602,318,6204,117
603,319,6203,118
604,320,6202,119
605,320,6202,120
606,320,6202,120
607,321,6201,122
608,321,6201,123
609,324,6198,123
610,325,6197,123
611,326,6196,124
612,326,6196,125
613,329,6193,125
614,330,6192,127
615,331,6191,128
616,331,6191,128
617,331,6191,130
618,332,6190,130
619,333,6189,130
620,333,6189,131
621,333,6189,131
622,333,6189,132
623,333,6189,134
624,334,6188,134
625,335,6187,136
626,336,6186,136
627,337,6185,136
628,337,6185,137
629,339,6183,138
630,340,6182,138
631,342,6180,138
632,342,6180,138
633,344,6178,138
634,345,6177,139
635,345,6177,139
636,345,6177,141
637,345,6177,141
638,345,6177,142
639,345,6177,143
640,345,6177,144
641,346,6176,145
642,347,6175,145
643,347,6175,145
644,347,6175,148
645,349,6173,150
646,353,6169,151
647,353,6169,151
648,355,6167,152
649,356,6166,153
650,357,6165,156
651,359,6163,159
652,361,6161,159
653,362,6160,160
654,363,6159,160
655,363,6159,161
656,364,6158,162
657,367,6155,164
658,367,6155,164
659,367,6155,164
660,367,6155,165
661,370,6152,165
662,370,6152,166
663,371,6151,167
664,373,6149,169
665,374,6148,169
666,375,6147,169
667,375,6147,170
668,377,6145,173
669,379,6143,173
670,380,6142,174
671,381,6141,174
672,381,6141,174
673,382,6140,175
674,382,6140,177
675,383,6139,177
676,383,6139,179
677,384,6138,180
678,384,6138,180
679,386,6136,181
680,389,6133,181
681,392,6130,181
682,392,6130,181
683,394,6128,182
684,394,6128,183
685,395,6127,183
686,397,6125,183
687,397,6125,185
688,397,6125,186
689,398,6124,186
690,398,6124,186
691,399,6123,187
692,402,6120,187
693,403,6119,188
694,404,6118,189
695,405,6117,190
696,405,6117,191
697,406,6116,191
698,406,6116,194
699,408,6114,194
700,410,6112,194
701,411,6111,195
702,411,6111,195
703,412,6110,196
704,413,6109,197
705,418,6104,197
706,420,6102,198
707,421,6101,200
708,421,6101,201
709,423,6099,202
710,425,6097,202
711,425,6097,203
712,425,6097,203
713,426,6096,204
714,426,6096,204
715,427,6095,206
716,428,6094,207
717,430,6092,208
718,432,6090,209
719,434,6088,210
720,434,6088,211
721,435,6087,212
722,435,6087,213
723,435,6087,213
724,435,6087,213
725,436,6086,214
726,441,6081,215
727,442,6080,215
728,443,6079,216
729,444,6078,216
730,448,6074,217
731,452,6070,217
732,452,6070,219
733,454,6068,219
734,454,6068,221
735,454,6068,225
736,457,6065,226
737,458,6064,226
738,458,6064,229
739,461,6061,230
740,462,6060,231
741,462,6060,233
742,462,6060,236
743,462,6060,236
744,462,6060,236
745,462,6060,238
746,464,6058,239
747,464,6058,240
748,465,6057,241
749,466,6056,241
750,466,6056,242
751,468,6054,244
752,469,6053,244
753,470,6052,244
754,471,6051,244
755,473,6049,245
756,473,6049,245
757,475,6047,245
758,476,6046,245
759,476,6046,247
760,476,6046,248
761,477,6045,249
762,477,6045,250
763,478,6044,250
764,480,6042,252
765,480,6042,252
766,483,6039,252
767,485,6037,255
768,486,6036,257
769,486,6036,257
770,487,6035,258
771,488,6034,259
772,488,6034,260
773,489,6033,261
774,490,6032,262
775,490,6032,265
776,494,6028,267
777,496,6026,267
778,496,6026,268
779,497,6025,268
780,498,6024,268
781,499,6023,268
782,500,6022,269
783,500,6022,269
784,501,6021,270
785,503,6019,270
786,504,6018,271
787,505,6017,272
788,506,6016,272
789,507,6015,272
790,507,6015,275
791,507,6015,277
792,507,6015,277
793,508,6014,278
794,508,6014,280
795,508,6014,280
796,509,6013,282
797,511,6011,283
798,512,6010,283
799,512,6010,285
800,513,6009,288
801,513,6009,289
802,515,6007,289
803,516,6006,291
804,517,6005,291
805,520,6002,293
806,522,6000,294
807,524,5998,295
808,524,5998,297
809,525,5997,298
810,527,5995,300
811,527,5995,300
812,527,5995,301
813,527,5995,301
814,528,5994,303
815,529,5993,305
816,529,5993,306
817,530,5992,307
818,532,5990,308
819,532,5990,308
820,532,5990,308
821,533,5989,310
822,534,5988,314
823,534,5988,315
824,534,5988,315
825,536,5986,317
826,537,5985,317
827,539,5983,318
828,542,5980,319
829,544,5978,320
830,545,5977,320
831,551,5971,320
832,551,5971,321
833,552,5970,323
834,553,5969,324
835,555,5967,326
836,556,5966,326
837,556,5966,327
838,556,5966,329
839,558,5964,330
840,560,5962,331
841,560,5962,331
842,560,5962,332
843,560,5962,333
844,561,5961,333
845,561,5961,333
846,561,5961,333
847,561,5961,333
848,562,5960,334
849,562,5960,335
850,567,5955,336
851,568,5954,336
852,569,5953,337
853,571,5951,339
854,573,5949,339
855,573,5949,341
856,575,5947,342
857,579,5943,344
858,581,5941,345
859,581,5941,345
860,581,5941,345
861,582,5940,345
862,582,5940,345
863,586,5936,345
864,587,5935,345
865,588,5934,346
866,588,5934,346
867,589,5933,347
868,589,5933,347
869,589,5933,349
870,589,5933,351
871,590,5932,353
872,590,5932,354
873,593,5929,355
874,595,5927,357
875,596,5926,358
876,597,5925,360
877,600,5922,361
878,601,5921,363
879,603,5919,363
880,605,5917,364
881,605,5917,366
882,608,5914,367
883,610,5912,367
884,610,5912,367
885,612,5910,368
886,612,5910,370
887,614,5908,371
888,615,5907,373
889,616,5906,373
890,617,5905,375
891,617,5905,375
892,618,5904,377
893,618,5904,378
894,619,5903,379
895,619,5903,381
896,621,5901,381
897,621,5901,381
898,622,5900,382
899,622,5900,382
900,623,5899,383
901,623,5899,383
902,625,5897,384
903,626,5896,384
904,627,5895,389
905,627,5895,391
906,629,5893,392
907,630,5892,393
908,631,5891,394
909,632,5890,394
910,633,5889,396
911,633,5889,397
912,635,5887,397
913,635,5887,397
914,636,5886,398
915,636,5886,398
916,639,5883,400
917,640,5882,403
918,641,5881,404
919,643,5879,404
920,644,5878,405
921,648,5874,406
922,649,5873,406
923,651,5871,407
924,651,5871,409
925,652,5870,411
926,654,5868,411
927,655,5867,412
928,655,5867,412
929,655,5867,414
930,657,5865,420
931,658,5864,420
932,658,5864,421
933,658,5864,422
934,661,5861,424
935,663,5859,425
936,663,5859,425
937,665,5857,425
938,666,5856,426
939,669,5853,427
940,670,5852,427
941,670,5852,429
942,672,5850,432
943,672,5850,433
944,672,5850,434
945,674,5848,435
946,676,5846,435
947,677,5845,435
948,678,5844,435
949,680,5842,436
950,680,5842,439
951,682,5840,441
952,682,5840,443
953,682,5840,444
954,682,5840,447
955,684,5838,451
956,685,5837,452
957,685,5837,454
958,685,5837,454
959,685,5837,454
960,687,5835,455
961,689,5833,457
962,690,5832,458
963,690,5832,459
964,691,5831,462
965,692,5830,462
966,693,5829,462
967,693,5829,462
968,693,5829,462
969,694,5828,462
970,694,5828,463
971,695,5827,464
972,696,5826,464
973,696,5826,466
974,697,5825,466
975,698,5824,467
976,699,5823,468
977,699,5823,470
978,700,5822,471
979,702,5820,473
980,703,5819,473
981,703,5819,475
982,703,5819,475
983,704,5818,476
984,707,5815,476
985,709,5813,477
986,711,5811,477
987,711,5811,477
988,712,5810,480
989,712,5810,480
990,712,5810,481
991,713,5809,483
992,716,5806,485
993,716,5806,486
994,717,5805,487
995,717,5805,488
996,717,5805,488
997,718,5804,489
998,719,5803,490
999,719,5803,490
1000,720,5802,492
1001,722,5800,496
1002,724,5798,496
1003,725,5797,496
1004,726,5796,497
1005,726,5796,499
1006,728,5794,500
1007,734,5788,500
1008,735,5787,501
1009,737,5785,501
1010,738,5784,503
1011,739,5783,505
1012,740,5782,505
1013,741,5781,507
1014,742,5780,507
1015,743,5779,507
1016,745,5777,507
1017,747,5775,507
1018,747,5775,508
1019,747,5775,508
1020,748,5774,508
1021,749,5773,511
1022,749,5773,512
1023,749,5773,512
1024,749,5773,512
1025,750,5772,513
1026,750,5772,515
1027,750,5772,515
1028,751,5771,517
1029,752,5770,518
1030,753,5769,521
1031,756,5766,523
1032,758,5764,524
1033,758,5764,524
1034,759,5763,527
1035,759,5763,527
1036,759,5763,527
1037,759,5763,527
1038,759,5763,528
1039,761,5761,529
1040,763,5759,529
1041,765,5757,529
1042,765,5757,531
1043,767,5755,532
1044,767,5755,532
1045,768,5754,533
1046,768,5754,533
1047,769,5753,534
1048,771,5751,534
1049,771,5751,535
1050,774,5748,537
1051,776,5746,538
1052,777,5745,540
1053,781,5741,544
1054,783,5739,545
1055,783,5739,548
1056,783,5739,551
1057,784,5738,551
1058,785,5737,552
1059,788,5734,553
1060,791,5731,555
1061,793,5729,556
1062,793,5729,556
1063,793,5729,557
1064,796,5726,560
1065,796,5726,560
1066,796,5726,560
1067,796,5726,560
1068,797,5725,560
1069,797,5725,561
1070,798,5724,561
1071,798,5724,561
1072,799,5723,562
1073,800,5722,562
1074,801,5721,565
1075,804,5718,568
1076,804,5718,568
1077,806,5716,569
1078,809,5713,571
1079,809,5713,573
1080,811,5711,574
1081,811,5711,576
1082,812,5710,579
1083,813,5709,581
1084,815,5707,581
1085,816,5706,581
1086,816,5706,582
1087,818,5704,585
1088,821,5701,586
1089,821,5701,588
1090,822,5700,588
1091,824,5698,588
1092,824,5698,589
1093,825,5697,589
1094,825,5697,589
1095,827,5695,590
1096,827,5695,590
1097,827,5695,592
1098,830,5692,593
1099,832,5690,596
1100,832,5690,597
1101,833,5689,598
1102,834,5688,600
1103,834,5688,601
1104,834,5688,603
1105,837,5685,605
1106,838,5684,607
1107,839,5683,608
1108,839,5683,610
1109,839,5683,611
1110,839,5683,612
1111,840,5682,613
1112,841,5681,614
1113,841,5681,615
1114,841,5681,616
1115,842,5680,617
1116,843,5679,617
1117,843,5679,618
1118,844,5678,619
1119,844,5678,619
1120,845,5677,619
1121,848,5674,621
1122,848,5674,621
1123,850,5672,622
1124,850,5672,623
1125,850,5672,623
1126,852,5670,624
1127,852,5670,626
1128,855,5667,626
1129,856,5666,627
1130,859,5663,628
1131,861,5661,629
1132,861,5661,630
1133,862,5660,631
1134,864,5658,633
1135,865,5657,633
1136,866,5656,635
1137,870,5652,635
1138,871,5651,636
1139,874,5648,636
1140,875,5647,637
1141,875,5647,640
1142,879,5643,640
1143,881,5641,643
1144,881,5641,643
1145,882,5640,647
1146,883,5639,648
1147,884,5638,649
1148,886,5636,651
1149,887,5635,652
1150,888,5634,653
1151,888,5634,654
1152,888,5634,655
1153,890,5632,655
1154,891,5631,657
1155,894,5628,658
1156,895,5627,658
1157,896,5626,658
1158,897,5625,659
1159,898,5624,662
1160,898,5624,663
1161,898,5624,663
1162,898,5624,666
1163,900,5622,667
1164,901,5621,670
1165,902,5620,670
1166,903,5619,672
1167,904,5618,672
1168,905,5617,672
1169,908,5614,672
1170,909,5613,674
1171,910,5612,676
1172,911,5611,677
1173,913,5609,679
1174,916,5606,680
1175,917,5605,682
1176,918,5604,682
1177,919,5603,682
1178,920,5602,682
1179,922,5600,683
1180,922,5600,685
1181,922,5600,685
1182,923,5599,685
1183,926,5596,685
1184,926,5596,686
1185,928,5594,687
1186,929,5593,689
1187,929,5593,690
1188,931,5591,691
1189,934,5588,692
1190,936,5586,692
1191,937,5585,693
1192,937,5585,693
1193,937,5585,694
1194,942,5580,694
1195,945,5577,695
1196,945,5577,696
1197,946,5576,696
1198,946,5576,696
1199,947,5575,697
1200,948,5574,698
1201,949,5573,699
1202,950,5572,700
1203,951,5571,701
1204,951,5571,702
1205,952,5570,703
1206,953,5569,703
1207,954,5568,704
1208,955,5567,706
1209,957,5565,707
1210,958,5564,710
1211,958,5564,711
1212,962,5560,711
1213,963,5559,712
1214,963,5559,712
1215,964,5558,712
1216,965,5557,716
1217,966,5556,716
1218,968,5554,716
1219,970,5552,717
1220,970,5552,717
1221,970,5552,717
1222,972,5550,719
1223,974,5548,719
1224,975,5547,720
1225,977,5545,720
1226,980,5542,722
1227,981,5541,724
1228,982,5540,726
1229,982,5540,726
1230,983,5539,728
1231,985,5537,730
1232,986,5536,734
1233,988,5534,737
1234,991,5531,737
1235,991,5531,739
1236,994,5528,739
1237,994,5528,741
1238,995,5527,742
1239,995,5527,742
1240,998,5524,745
1241,998,5524,745
1242,998,5524,747
1243,998,5524,747
1244,999,5523,747
1245,1001,5521,749
1246,1001,5521,749
1247,1001,5521,749
1248,1001,5521,749
1249,1003,5519,749
1250,1005,5517,750
1251,1008,5514,750
1252,1011,5511,751
1253,1012,5510,751
1254,1014,5508,752
1255,1015,5507,753
1256,1015,5507,757
1257,1016,5506,758
1258,1018,5504,758
1259,1020,5502,759
1260,1022,5500,759
1261,1023,5499,759
1262,1025,5497,759
1263,1027,5495,759
1264,1029,5493,763
1265,1030,5492,763
1266,1032,5490,765
1267,1032,5490,766
1268,1032,5490,767
1269,1034,5488,768
1270,1036,5486,768
1271,1037,5485,769
1272,1037,5485,770
1273,1039,5483,771
1274,1040,5482,773
1275,1041,5481,776
1276,1041,5481,776
1277,1042,5480,779
1278,1045,5477,782
1279,1047,5475,783
1280,1047,5475,783
1281,1047,5475,784
1282,1047,5475,785
1283,1048,5474,788
1284,1051,5471,788
1285,1054,5468,793
1286,1055,5467,793
1287,1055,5467,793
1288,1056,5466,794
1289,1056,5466,796
1290,1059,5463,796
1291,1060,5462,796
1292,1062,5460,797
1293,1063,5459,797
1294,1064,5458,798
1295,1064,5458,798
1296,1067,5455,798
1297,1069,5453,800
1298,1069,5453,801
1299,1069,5453,802
1300,1072,5450,804
1301,1072,5450,806
1302,1072,5450,808
1303,1072,5450,809
1304,1074,5448,811
1305,1076,5446,811
1306,1076,5446,812
1307,1077,5445,813
1308,1080,5442,815
1309,1083,5439,815
1310,1084,5438,816
1311,1087,5435,816
1312,1087,5435,820
1313,1088,5434,821
1314,1089,5433,821
1315,1091,5431,823
1316,1092,5430,824
1317,1092,5430,824
1318,1094,5428,825
1319,1095,5427,826
1320,1095,5427,827
1321,1096,5426,827
1322,1096,5426,830
1323,1097,5425,830
1324,1099,5423,832
1325,1100,5422,833
1326,1100,5422,833
1327,1103,5419,834
1328,1103,5419,834
1329,1103,5419,836
1330,1103,5419,838
1331,1106,5416,839
1332,1107,5415,839
1333,1109,5413,839
1334,1109,5413,839
1335,1111,5411,840
1336,1113,5409,840
1337,1114,5408,841
1338,1115,5407,841
1339,1116,5406,842
1340,1116,5406,843
1341,1117,5405,843
1342,1118,5404,844
1343,1120,5402,844
1344,1122,5400,844
1345,1122,5400,847
1346,1123,5399,848
1347,1124,5398,849
1348,1126,5396,850
1349,1126,5396,850
1350,1127,5395,852
1351,1128,5394,852
1352,1129,5393,854
1353,1129,5393,855
1354,1131,5391,857
1355,1133,5389,859
1356,1134,5388,861
1357,1134,5388,862
1358,1134,5388,863
1359,1139,5383,864
1360,1140,5382,865
1361,1141,5381,870
1362,1142,5380,871
1363,1146,5376,872
1364,1148,5374,874
1365,1148,5374,875
1366,1148,5374,878
1367,1149,5373,880
1368,1151,5371,881
1369,1153,5369,882
1370,1154,5368,882
1371,1155,5367,883
1372,1155,5367,886
1373,1155,5367,886
1374,1155,5367,888
1375,1158,5364,888
1376,1158,5364,888
1377,1160,5362,889
1378,1162,5360,891
1379,1162,5360,893
1380,1162,5360,894
1381,1162,5360,896
1382,1163,5359,897
1383,1163,5359,898
1384,1164,5358,898
1385,1164,5358,898
1386,1166,5356,898
1387,1166,5356,898
1388,1168,5354,900
1389,1172,5350,902
1390,1173,5349,902
1391,1173,5349,904
1392,1174,5348,904
1393,1175,5347,905
1394,1175,5347,909
1395,1175,5347,910
1396,1178,5344,911
1397,1178,5344,911
1398,1178,5344,914
1399,1182,5340,917
1400,1182,5340,917
1401,1182,5340,919
1402,1184,5338,919
1403,1186,5336,922
1404,1186,5336,922
1405,1187,5335,922
1406,1188,5334,922
1407,1191,5331,924
1408,1191,5331,926
1409,1191,5331,928
1410,1193,5329,928
1411,1196,5326,929
1412,1197,5325,930
1413,1198,5324,931
1414,1199,5323,935
1415,1202,5320,936
1416,1204,5318,937
1417,1205,5317,937
1418,1205,5317,941
1419,1205,5317,944
1420,1205,5317,945
1421,1207,5315,945
1422,1209,5313,946
1423,1209,5313,946
1424,1210,5312,948
1425,1210,5312,949
1426,1212,5310,950
1427,1213,5309,950
1428,1215,5307,951
1429,1218,5304,951
1430,1220,5302,952
1431,1223,5299,953
1432,1226,5296,954
1433,1226,5296,955
1434,1226,5296,957
1435,1226,5296,958
1436,1226,5296,959
1437,1227,5295,962
1438,1227,5295,963
1439,1227,5295,964
1440,1227,5295,965
1441,1228,5294,966
1442,1229,5293,967
1443,1229,5293,968
1444,1232,5290,970
1445,1234,5288,970
1446,1236,5286,972
1447,1236,5286,973
1448,1239,5283,974
1449,1241,5281,976
1450,1243,5279,978
1451,1245,5277,981
1452,1247,5275,982
1453,1247,5275,982
1454,1248,5274,983
1455,1253,5269,983
1456,1256,5266,986
1457,1257,5265,988
1458,1258,5264,991
1459,1259,5263,991
1460,1260,5262,993
1461,1260,5262,994
1462,1261,5261,994
1463,1262,5260,995
1464,1263,5259,996
1465,1266,5256,998
1466,1267,5255,998
1467,1270,5252,998
1468,1275,5247,999
1469,1279,5243,1001
1470,1279,5243,1001
1471,1280,5242,1001
1472,1280,5242,1001
1473,1282,5240,1001
1474,1283,5239,1004
1475,1284,5238,1007
1476,1285,5237,1009
1477,1288,5234,1011
1478,1288,5234,1013
1479,1289,5233,1015
1480,1291,5231,1015
1481,1291,5231,1016
1482,1294,5228,1017
1483,1295,5227,1019
1484,1296,5226,1022
1485,1298,5224,1022
1486,1300,5222,1023
1487,1300,5222,1026
1488,1300,5222,1029
1489,1301,5221,1029
1490,1301,5221,1031
1491,1301,5221,1032
1492,1302,5220,1032
1493,1304,5218,1032
1494,1306,5216,1034
1495,1307,5215,1037
1496,1308,5214,1037
1497,1309,5213,1039
1498,1311,5211,1040
1499,1312,5210,1040
1500,1313,5209,1041
1501,1313,5209,1041
1502,1313,5209,1042
1503,1314,5208,1046
1504,1316,5206,1047
1505,1317,5205,1047
1506,1317,5205,1047
1507,1319,5203,1048
1508,1319,5203,1050
1509,1320,5202,1053
1510,1322,5200,1055
1511,1322,5200,1055
1512,1323,5199,1055
1513,1329,5193,1056
1514,1330,5192,1057
1515,1330,5192,1060
1516,1330,5192,1060
1517,1331,5191,1063
1518,1331,5191,1064
1519,1332,5190,1064
1520,1334,5188,1066
1521,1335,5187,1068
1522,1336,5186,1069
1523,1336,5186,1069
1524,1337,5185,1069
1525,1337,5185,1072
1526,1338,5184,1072
1527,1338,5184,1072
1528,1338,5184,1073
1529,1338,5184,1074
1530,1339,5183,1076
1531,1339,5183,1077
1532,1341,5181,1078
1533,1344,5178,1081
1534,1347,5175,1083
1535,1348,5174,1084
1536,1349,5173,1087
1537,1352,5170,1087
1538,1354,5168,1089
1539,1354,5168,1090
1540,1356,5166,1091
1541,1357,5165,1092
1542,1358,5164,1093
1543,1360,5162,1094
1544,1362,5160,1095
1545,1363,5159,1095
1546,1364,5158,1096
1547,1366,5156,1096
1548,1366,5156,1098
1549,1368,5154,1100
1550,1369,5153,1100
1551,1369,5153,1101
1552,1370,5152,1103
1553,1371,5151,1103
1554,1372,5150,1103
1555,1373,5149,1105
1556,1374,5148,1106
1557,1374,5148,1107
1558,1375,5147,1109
1559,1376,5146,1111
1560,1378,5144,1112
1561,1380,5142,1114
1562,1380,5142,1114
1563,1381,5141,1115
1564,1382,5140,1116
1565,1386,5136,1116
1566,1388,5134,1117
1567,1390,5132,1118
1568,1391,5131,1121
1569,1392,5130,1122
1570,1395,5127,1122
1571,1397,5125,1123
1572,1399,5123,1126
1573,1399,5123,1126
1574,1401,5121,1126
1575,1401,5121,1128
1576,1401,5121,1129
1577,1403,5119,1129
1578,1408,5114,1130
1579,1412,5110,1132
1580,1414,5108,1133
1581,1417,5105,1134
1582,1418,5104,1134
1583,1420,5102,1137
1584,1421,5101,1139
1585,1422,5100,1141
1586,1426,5096,1142
1587,1427,5095,1145
1588,1428,5094,1148
1589,1432,5090,1148
1590,1433,5089,1148
1591,1434,5088,1148
1592,1438,5084,1149
1593,1441,5081,1152
1594,1441,5081,1154
1595,1442,5080,1155
1596,1444,5078,1155
1597,1445,5077,1155
1598,1446,5076,1155
1599,1447,5075,1155
1600,1448,5074,1158
1601,1449,5073,1160
1602,1449,5073,1162
1603,1451,5071,1162
1604,1454,5068,1162
1605,1455,5067,1162
1606,1457,5065,1162
1607,1460,5062,1163
1608,1460,5062,1164
1609,1463,5059,1164
1610,1466,5056,1166
1611,1469,5053,1166
1612,1469,5053,1168
1613,1470,5052,1170
1614,1470,5052,1172
1615,1474,5048,1173
1616,1474,5048,1173
1617,1477,5045,1175
1618,1477,5045,1175
1619,1478,5044,1175
1620,1479,5043,1176
1621,1482,5040,1178
1622,1483,5039,1178
1623,1484,5038,1180
1624,1486,5036,1182
1625,1489,5033,1182
1626,1491,5031,1183
1627,1493,5029,1184
1628,1496,5026,1186
1629,1496,5026,1186
1630,1498,5024,1188
1631,1500,5022,1191
1632,1503,5019,1191
1633,1505,5017,1191
1634,1505,5017,1192
1635,1506,5016,1194
1636,1507,5015,1196
1637,1507,5015,1198
1638,1508,5014,1199
1639,1510,5012,1201
1640,1510,5012,1203
1641,1512,5010,1204
1642,1512,5010,1205
1643,1514,5008,1205
1644,1516,5006,1205
1645,1518,5004,1207
1646,1519,5003,1208
1647,1523,4999,1209
1648,1525,4997,1209
1649,1525,4997,1210
1650,1527,4995,1211
1651,1527,4995,1212
1652,1527,4995,1214
1653,1530,4992,1216
1654,1534,4988,1219
1655,1537,4985,1221
1656,1537,4985,1224
1657,1539,4983,1226
1658,1541,4981,1226
1659,1543,4979,1226
1660,1547,4975,1226
1661,1547,4975,1227
1662,1549,4973,1227
1663,1551,4971,1227
1664,1552,4970,1227
1665,1554,4968,1227
1666,1555,4967,1228
1667,1557,4965,1229
1668,1557,4965,1231
1669,1558,4964,1233
1670,1558,4964,1235
1671,1560,4962,1236
1672,1563,4959,1238
1673,1570,4952,1240
1674,1572,4950,1243
1675,1575,4947,1244
1676,1576,4946,1247
1677,1579,4943,1247
1678,1582,4940,1247
1679,1582,4940,1251
1680,1582,4940,1255
1681,1582,4940,1256
1682,1584,4938,1257
1683,1584,4938,1258
1684,1587,4935,1260
1685,1590,4932,1260
1686,1592,4930,1260
1687,1594,4928,1262
1688,1594,4928,1263
1689,1594,4928,1265
1690,1597,4925,1266
1691,1598,4924,1270
1692,1598,4924,1271
1693,1599,4923,1277
1694,1599,4923,1279
1695,1601,4921,1280
1696,1605,4917,1280
1697,1607,4915,1281
1698,1610,4912,1283
1699,1610,4912,1284
1700,1611,4911,1285
1701,1613,4909,1285
1702,1616,4906,1288
1703,1616,4906,1289
1704,1620,4902,1290
1705,1623,4899,1291
1706,1625,4897,1292
1707,1625,4897,1294
1708,1629,4893,1296
1709,1631,4891,1297
1710,1634,4888,1299
1711,1636,4886,1300
1712,1637,4885,1300
1713,1637,4885,1301
1714,1639,4883,1301
1715,1641,4881,1301
1716,1641,4881,1301
1717,1642,4880,1303
1718,1646,4876,1304
1719,1647,4875,1307
1720,1649,4873,1308
1721,1651,4871,1308
1722,1653,4869,1309
1723,1656,4866,1311
1724,1658,4864,1312
1725,1659,4863,1313
1726,1661,4861,1313
1727,1665,4857,1313
1728,1667,4855,1316
1729,1669,4853,1316
1730,1670,4852,1317
1731,1670,4852,1318
1732,1671,4851,1319
1733,1676,4846,1319
1734,1676,4846,1322
1735,1684,4838,1322
1736,1687,4835,1323
1737,1688,4834,1326
1738,1689,4833,1330
1739,1692,4830,1330
1740,1693,4829,1330
1741,1693,4829,1330
1742,1697,4825,1331
1743,1697,4825,1332
1744,1700,4822,1333
1745,1702,4820,1335
1746,1703,4819,1335
1747,1708,4814,1336
1748,1710,4812,1336
1749,1713,4809,1337
1750,1716,4806,1338
1751,1717,4805,1338
1752,1719,4803,1338
1753,1723,4799,1338
1754,1724,4798,1339
1755,1724,4798,1339
1756,1725,4797,1340
1757,1727,4795,1343
1758,1728,4794,1346
1759,1730,4792,1347
1760,1732,4790,1349
1761,1733,4789,1352
1762,1735,4787,1353
1763,1739,4783,1354
1764,1741,4781,1355
1765,1742,4780,1357
1766,1743,4779,1358
1767,1744,4778,1358
1768,1747,4775,1362
1769,1747,4775,1363
1770,1748,4774,1363
1771,1749,4773,1365
1772,1752,4770,1366
1773,1754,4768,1367
1774,1755,4767,1368
1775,1756,4766,1369
1776,1757,4765,1369
1777,1758,4764,1370
1778,1761,4761,1372
1779,1761,4761,1372
1780,1763,4759,1374
1781,1765,4757,1374
1782,1765,4757,1375
1783,1768,4754,1376
1784,1769,4753,1377
1785,1772,4750,1379
1786,1775,4747,1380
1787,1778,4744,1381
1788,1779,4743,1382
1789,1779,4743,1385
1790,1783,4739,1387
1791,1783,4739,1389
1792,1785,4737,1391
1793,1787,4735,1391
1794,1789,4733,1393
1795,1791,4731,1397
1796,1793,4729,1398
1797,1794,4728,1399
1798,1796,4726,1400
1799,1798,4724,1401
1800,1799,4723,1401
1801,1799,4723,1402
1802,1802,4720,1405
1803,1803,4719,1412
1804,1804,4718,1414
1805,1806,4716,1414
1806,1807,4715,1417
1807,1809,4713,1420
1808,1809,4713,1421
1809,1809,4713,1422
1810,1812,4710,1424
1811,1813,4709,1427
1812,1816,4706,1428
1813,1820,4702,1429
1814,1820,4702,1432
1815,1821,4701,1434
1816,1823,4699,1436
1817,1825,4697,1440
1818,1831,4691,1441
1819,1834,4688,1441
1820,1836,4686,1443
1821,1837,4685,1444
1822,1839,4683,1446
1823,1842,4680,1447
1824,1845,4677,1447
1825,1848,4674,1448
1826,1850,4672,1449
1827,1850,4672,1449
1828,1853,4669,1452
1829,1855,4667,1454
1830,1858,4664,1456
1831,1859,4663,1460
1832,1860,4662,1460
1833,1862,4660,1461
1834,1865,4657,1464
1835,1866,4656,1468
1836,1867,4655,1469
1837,1868,4654,1470
1838,1870,4652,1470
1839,1873,4649,1470
1840,1874,4648,1474
1841,1876,4646,1477
1842,1877,4645,1477
1843,1878,4644,1477
1844,1880,4642,1479
1845,1882,4640,1481
1846,1884,4638,1482
1847,1885,4637,1483
1848,1888,4634,1485
1849,1893,4629,1488
1850,1896,4626,1491
1851,1899,4623,1493
1852,1900,4622,1495
1853,1903,4619,1496
1854,1905,4617,1496
1855,1906,4616,1498
1856,1907,4615,1502
1857,1910,4612,1504
1858,1914,4608,1505
1859,1918,4604,1506
1860,1920,4602,1506
1861,1921,4601,1507
1862,1924,4598,1508
1863,1926,4596,1509
1864,1926,4596,1510
1865,1929,4593,1511
1866,1931,4591,1512
1867,1932,4590,1514
1868,1933,4589,1515
1869,1934,4588,1517
1870,1939,4583,1518
1871,1940,4582,1521
1872,1942,4580,1523
1873,1944,4578,1525
1874,1944,4578,1525
1875,1945,4577,1527
1876,1945,4577,1527
1877,1945,4577,1527
1878,1945,4577,1532
1879,1946,4576,1535
1880,1951,4571,1537
1881,1953,4569,1538
1882,1956,4566,1540
1883,1958,4564,1541
1884,1962,4560,1545
1885,1964,4558,1547
1886,1966,4556,1549
1887,1969,4553,1551
1888,1971,4551,1552
1889,1972,4550,1553
1890,1972,4550,1554
1891,1974,4548,1557
1892,1976,4546,1557
1893,1978,4544,1558
1894,1979,4543,1558
1895,1982,4540,1560
1896,1984,4538,1563
1897,1986,4536,1566
1898,1987,4535,1572
1899,1987,4535,1573
1900,1992,4530,1576
1901,1992,4530,1578
1902,1994,4528,1580
1903,1995,4527,1582
1904,1997,4525,1582
1905,1999,4523,1582
1906,2003,4519,1582
1907,2005,4517,1584
1908,2008,4514,1584
1909,2010,4512,1588
1910,2012,4510,1590
1911,2014,4508,1593
1912,2017,4505,1594
1913,2017,4505,1594
1914,2017,4505,1597
1915,2019,4503,1597
1916,2022,4500,1598
1917,2022,4500,1599
1918,2025,4497,1599
1919,2026,4496,1599
1920,2026,4496,1604
1921,2030,4492,1606
1922,2032,4490,1609
1923,2034,4488,1610
1924,2035,4487,1611
1925,2038,4484,1611
1926,2042,4480,1615
1927,2047,4475,1616
1928,2048,4474,1619
1929,2049,4473,1621
1930,2050,4472,1624
1931,2052,4470,1625
1932,2052,4470,1626
1933,2052,4470,1631
1934,2053,4469,1631
1935,2054,4468,1636
1936,2055,4467,1637
1937,2058,4464,1637
1938,2060,4462,1639
1939,2061,4461,1640
1940,2062,4460,1641
1941,2062,4460,1642
1942,2065,4457,1644
1943,2066,4456,1647
1944,2067,4455,1648
1945,2069,4453,1650
1946,2071,4451,1652
1947,2072,4450,1655
1948,2074,4448,1658
1949,2076,4446,1658
1950,2078,4444,1660
1951,2079,4443,1662
1952,2080,4442,1666
1953,2080,4442,1668
1954,2083,4439,1670
1955,2085,4437,1670
1956,2088,4434,1671
1957,2089,4433,1672
1958,2091,4431,1676
1959,2094,4428,1680
1960,2097,4425,1685
1961,2100,4422,1687
1962,2103,4419,1688
1963,2104,4418,1691
1964,2105,4417,1692
1965,2107,4415,1693
1966,2109,4413,1695
1967,2112,4410,1697
1968,2114,4408,1699
1969,2118,4404,1701
1970,2119,4403,1703
1971,2121,4401,1707
1972,2123,4399,1710
1973,2125,4397,1710
1974,2126,4396,1714
1975,2128,4394,1717
1976,2129,4393,1717
1977,2132,4390,1722
1978,2133,4389,1723
1979,2134,4388,1724
1980,2135,4387,1725
1981,2137,4385,1726
1982,2137,4385,1727
1983,2138,4384,1730
1984,2141,4381,1731
1985,2143,4379,1733
1986,2144,4378,1734
1987,2144,4378,1737
1988,2146,4376,1741
1989,2148,4374,1741
1990,2151,4371,1742
1991,2156,4366,1744
1992,2158,4364,1746
1993,2158,4364,1747
1994,2163,4359,1747
1995,2164,4358,1749
1996,2165,4357,1752
1997,2169,4353,1753
1998,2170,4352,1755
1999,2172,4350,1756
2000,2172,4350,1757
2001,2172,4350,1757
2002,2175,4347,1759
2003,2176,4346,1761
2004,2178,4344,1762
2005,2178,4344,1764
2006,2179,4343,1765
2007,2180,4342,1765
2008,2183,4339,1768
2009,2187,4335,1771
2010,2187,4335,1774
2011,2191,4331,1776
2012,2196,4326,1778
2013,2198,4324,1779
2014,2201,4321,1781
2015,2205,4317,1783
2016,2208,4314,1783
2017,2210,4312,1785
2018,2213,4309,1789
2019,2216,4306,1790
2020,2217,4305,1792
2021,2221,4301,1793
2022,2221,4301,1796
2023,2221,4301,1796
2024,2223,4299,1798
2025,2225,4297,1799
2026,2227,4295,1800
2027,2230,4292,1803
2028,2232,4290,1803
2029,2233,4289,1806
2030,2236,4286,1806
2031,2239,4283,1808
2032,2241,4281,1809
2033,2246,4276,1809
2034,2249,4273,1810
2035,2250,4272,1812
2036,2250,4272,1815
2037,2254,4268,1816
2038,2256,4266,1820
2039,2259,4263,1820
2040,2261,4261,1823
2041,2264,4258,1824
2042,2267,4255,1828
2043,2267,4255,1831
2044,2268,4254,1836
2045,2270,4252,1836
2046,2270,4252,1839
2047,2271,4251,1839
2048,2273,4249,1842
2049,2279,4243,1847
2050,2280,4242,1849
2051,2281,4241,1850
2052,2281,4241,1851
2053,2281,4241,1854
2054,2283,4239,1857
2055,2283,4239,1859
2056,2284,4238,1860
2057,2285,4237,1860
2058,2287,4235,1862
2059,2287,4235,1865
2060,2289,4233,1867
2061,2289,4233,1868
2062,2292,4230,1870
2063,2294,4228,1871
2064,2296,4226,1873
2065,2298,4224,1874
2066,2301,4221,1876
2067,2302,4220,1877
2068,2303,4219,1879
2069,2306,4216,1881
2070,2307,4215,1883
2071,2312,4210,1884
2072,2314,4208,1888
2073,2314,4208,1890
2074,2316,4206,1894
2075,2317,4205,1898
2076,2319,4203,1899
2077,2321,4201,1900
2078,2324,4198,1904
2079,2324,4198,1905
2080,2324,4198,1907
2081,2325,4197,1908
2082,2326,4196,1911
2083,2326,4196,1916
2084,2327,4195,1918
2085,2330,4192,1920
2086,2331,4191,1922
2087,2332,4190,1924
2088,2335,4187,1926
2089,2339,4183,1929
2090,2340,4182,1930
2091,2342,4180,1931
2092,2342,4180,1933
2093,2343,4179,1934
2094,2344,4178,1935
2095,2347,4175,1940
2096,2347,4175,1941
2097,2348,4174,1943
2098,2350,4172,1944
2099,2351,4171,1945
2100,2351,4171,1945
2101,2352,4170,1945
2102,2354,4168,1945
2103,2355,4167,1945
2104,2357,4165,1950
2105,2358,4164,1953
2106,2360,4162,1954
2107,2363,4159,1957
2108,2363,4159,1960
2109,2364,4158,1963
2110,2364,4158,1966
2111,2364,4158,1968
2112,2366,4156,1971
2113,2368,4154,1972
2114,2369,4153,1972
2115,2374,4148,1973
2116,2380,4142,1974
2117,2383,4139,1977
2118,2384,4138,1979
2119,2385,4137,1982
2120,2387,4135,1984
2121,2387,4135,1984
2122,2389,4133,1987
2123,2389,4133,1987
2124,2389,4133,1988
2125,2392,4130,1992
2126,2393,4129,1993
2127,2396,4126,1994
2128,2397,4125,1996
2129,2397,4125,1999
2130,2398,4124,2001
2131,2398,4124,2003
2132,2398,4124,2006
2133,2399,4123,2010
2134,2401,4121,2011
2135,2401,4121,2013
2136,2401,4121,2015
2137,2401,4121,2017
2138,2401,4121,2017
2139,2402,4120,2018
2140,2402,4120,2020
2141,2407,4115,2022
2142,2407,4115,2024
2143,2409,4113,2026
2144,2409,4113,2026
2145,2413,4109,2028
2146,2415,4107,2032
2147,2416,4106,2034
2148,2418,4104,2034
2149,2420,4102,2038
2150,2422,4100,2038
2151,2424,4098,2044
2152,2425,4097,2048
2153,2425,4097,2049
2154,2426,4096,2049
2155,2429,4093,2050
2156,2431,4091,2052
2157,2432,4090,2052
2158,2433,4089,2052
2159,2437,4085,2054
2160,2439,4083,2055
2161,2440,4082,2057
2162,2443,4079,2060
2163,2443,4079,2060
2164,2445,4077,2062
2165,2447,4075,2062
2166,2447,4075,2063
2167,2447,4075,2065
2168,2447,4075,2067
2169,2448,4074,2068
2170,2449,4073,2070
2171,2451,4071,2072
2172,2454,4068,2073
2173,2457,4065,2075
2174,2457,4065,2078
2175,2458,4064,2079
2176,2458,4064,2080
2177,2461,4061,2080
2178,2462,4060,2083
2179,2463,4059,2084
2180,2465,4057,2085
2181,2467,4055,2088
2182,2469,4053,2089
2183,2472,4050,2094
2184,2472,4050,2095
2185,2472,4050,2100
2186,2474,4048,2101
2187,2476,4046,2104
2188,2477,4045,2105
2189,2477,4045,2106
2190,2478,4044,2108
2191,2480,4042,2111
2192,2480,4042,2114
2193,2482,4040,2117
2194,2485,4037,2119
2195,2485,4037,2120
2196,2488,4034,2123
2197,2489,4033,2125
2198,2489,4033,2126
2199,2489,4033,2128
2200,2493,4029,2129
2201,2494,4028,2130
2202,2495,4027,2133
2203,2495,4027,2134
2204,2495,4027,2135
2205,2498,4024,2137
2206,2500,4022,2137
2207,2501,4021,2137
2208,2501,4021,2139
2209,2502,4020,2142
2210,2503,4019,2143
2211,2503,4019,2144
2212,2505,4017,2146
2213,2506,4016,2147
2214,2507,4015,2149
2215,2509,4013,2153
2216,2509,4013,2157
2217,2512,4010,2158
2218,2512,4010,2159
2219,2514,4008,2163
2220,2516,4006,2165
2221,2517,4005,2167
2222,2518,4004,2169
2223,2518,4004,2171
2224,2519,4003,2172
2225,2522,4000,2172
2226,2523,3999,2173
2227,2524,3998,2175
2228,2524,3998,2178
2229,2525,3997,2178
2230,2526,3996,2179
2231,2527,3995,2179
2232,2529,3993,2182
2233,2530,3992,2185
2234,2533,3989,2187
2235,2536,3986,2188
2236,2536,3986,2193
2237,2537,3985,2197
2238,2537,3985,2201
2239,2537,3985,2203
2240,2539,3983,2205
2241,2541,3981,2208
2242,2541,3981,2211
2243,2541,3981,2214
2244,2543,3979,2216
2245,2543,3979,2218
2246,2545,3977,2221
2247,2548,3974,2221
2248,2548,3974,2221
2249,2550,3972,2223
2250,2552,3970,2226
2251,2552,3970,2228
2252,2557,3965,2231
2253,2559,3963,2233
2254,2561,3961,2234
2255,2564,3958,2237
2256,2566,3956,2240
2257,2567,3955,2244
2258,2568,3954,2249
2259,2569,3953,2249
2260,2570,3952,2250
2261,2571,3951,2253
2262,2572,3950,2254
2263,2572,3950,2258
2264,2572,3950,2261
2265,2574,3948,2262
2266,2576,3946,2267
2267,2577,3945,2267
2268,2578,3944,2268
2269,2582,3940,2269
2270,2583,3939,2270
2271,2583,3939,2271
2272,2583,3939,2271
2273,2584,3938,2277
2274,2584,3938,2280
2275,2584,3938,2280
2276,2584,3938,2281
2277,2585,3937,2281
2278,2585,3937,2283
2279,2585,3937,2283
2280,2588,3934,2284
2281,2590,3932,2285
2282,2592,3930,2286
2283,2594,3928,2287
2284,2595,3927,2288
2285,2599,3923,2289
2286,2601,3921,2291
2287,2601,3921,2294
2288,2603,3919,2295
2289,2604,3918,2297
2290,2605,3917,2300
2291,2606,3916,2302
2292,2607,3915,2302
2293,2609,3913,2304
2294,2610,3912,2306
2295,2610,3912,2308
2296,2611,3911,2313
2297,2613,3909,2314
2298,2614,3908,2314
2299,2614,3908,2316
2300,2615,3907,2318
2301,2616,3906,2320
2302,2617,3905,2321
2303,2618,3904,2324
2304,2618,3904,2324
2305,2618,3904,2324
2306,2621,3901,2325
2307,2623,3899,2326
2308,2624,3898,2327
2309,2625,3897,2328
2310,2626,3896,2331
2311,2628,3894,2332
2312,2629,3893,2334
2313,2629,3893,2335
2314,2630,3892,2339
2315,2630,3892,2340
2316,2630,3892,2342
2317,2631,3891,2343
2318,2631,3891,2344
2319,2632,3890,2345
2320,2632,3890,2347
2321,2633,3889,2348
2322,2636,3886,2349
2323,2638,3884,2350
2324,2644,3878,2351
2325,2648,3874,2351
2326,2649,3873,2352
2327,2649,3873,2355
2328,2650,3872,2356
2329,2651,3871,2357
2330,2652,3870,2359
2331,2654,3868,2362
2332,2656,3866,2363
2333,2656,3866,2363
2334,2656,3866,2364
2335,2656,3866,2364
2336,2657,3865,2364
2337,2658,3864,2368
2338,2658,3864,2368
2339,2658,3864,2373
2340,2659,3863,2376
2341,2660,3862,2381
2342,2663,3859,2383
2343,2665,3857,2385
2344,2666,3856,2385
2345,2667,3855,2387
2346,2667,3855,2388
2347,2670,3852,2389
2348,2673,3849,2389
2349,2673,3849,2391
2350,2675,3847,2392
2351,2677,3845,2393
2352,2678,3844,2396
2353,2680,3842,2397
2354,2680,3842,2397
2355,2682,3840,2398
2356,2682,3840,2398
2357,2683,3839,2399
2358,2686,3836,2400
2359,2687,3835,2401
2360,2690,3832,2401
2361,2691,3831,2401
2362,2691,3831,2401
2363,2691,3831,2401
2364,2691,3831,2402
2365,2692,3830,2404
2366,2692,3830,2407
2367,2693,3829,2408
2368,2693,3829,2409
2369,2696,3826,2411
2370,2696,3826,2414
2371,2696,3826,2416
2372,2698,3824,2418
2373,2699,3823,2418
2374,2702,3820,2420
2375,2705,3817,2423
2376,2705,3817,2424
2377,2708,3814,2425
2378,2710,3812,2425
2379,2710,3812,2428
2380,2710,3812,2429
2381,2710,3812,2432
2382,2710,3812,2432
2383,2710,3812,2434
2384,2713,3809,2438
2385,2713,3809,2439
2386,2713,3809,2441
2387,2714,3808,2443
2388,2715,3807,2443
2389,2716,3806,2447
2390,2717,3805,2447
2391,2717,3805,2447
2392,2718,3804,2447
2393,2718,3804,2448
2394,2718,3804,2448
2395,2718,3804,2449
2396,2720,3802,2452
2397,2721,3801,2456
2398,2721,3801,2457
2399,2721,3801,2457
2400,2723,3799,2458
2401,2724,3798,2460
2402,2724,3798,2462
2403,2724,3798,2463
2404,2726,3796,2464
2405,2726,3796,2466
2406,2728,3794,2469
2407,2730,3792,2472
2408,2731,3791,2472
2409,2732,3790,2472
2410,2732,3790,2472
2411,2732,3790,2474
2412,2732,3790,2477
2413,2733,3789,2477
2414,2735,3787,2478
2415,2736,3786,2480
2416,2738,3784,2480
2417,2741,3781,2481
2418,2742,3780,2482
2419,2743,3779,2485
2420,2743,3779,2487
2421,2745,3777,2489
2422,2745,3777,2489
2423,2745,3777,2489
2424,2745,3777,2491
2425,2747,3775,2494
2426,2748,3774,2494
2427,2749,3773,2495
2428,2751,3771,2495
2429,2751,3771,2495
2430,2753,3769,2499
2431,2753,3769,2500
2432,2754,3768,2501
2433,2755,3767,2502
2434,2756,3766,2503
2435,2756,3766,2503
2436,2758,3764,2505
2437,2758,3764,2506
2438,2760,3762,2507
2439,2761,3761,2509
2440,2762,3760,2509
2441,2762,3760,2511
2442,2762,3760,2512
2443,2763,3759,2513
2444,2763,3759,2515
2445,2764,3758,2516
2446,2766,3756,2518
2447,2769,3753,2518
2448,2770,3752,2519
2449,2771,3751,2521
2450,2771,3751,2522
2451,2772,3750,2524
2452,2773,3749,2524
2453,2773,3749,2525
2454,2775,3747,2526
2455,2776,3746,2526
2456,2777,3745,2529
2457,2779,3743,2530
2458,2780,3742,2531
2459,2780,3742,2534
2460,2782,3740,2536
2461,2782,3740,2537
2462,2783,3739,2537
2463,2783,3739,2537
2464,2784,3738,2538
2465,2784,3738,2541
2466,2784,3738,2541
2467,2784,3738,2541
2468,2784,3738,2543
2469,2785,3737,2543
2470,2785,3737,2544
2471,2786,3736,2547
2472,2786,3736,2548
2473,2787,3735,2548
2474,2787,3735,2551
2475,2789,3733,2552
2476,2789,3733,2556
2477,2790,3732,2558
2478,2790,3732,2559
2479,2791,3731,2562
2480,2791,3731,2565
2481,2792,3730,2567
2482,2792,3730,2568
2483,2793,3729,2568
2484,2795,3727,2569
2485,2796,3726,2570
2486,2796,3726,2572
2487,2798,3724,2572
2488,2798,3724,2572
2489,2801,3721,2574
2490,2801,3721,2576
2491,2802,3720,2577
2492,2802,3720,2578
2493,2802,3720,2581
2494,2803,3719,2582
2495,2803,3719,2583
2496,2803,3719,2583
2497,2803,3719,2583
2498,2803,3719,2584
2499,2805,3717,2584
